row_id,prediction
5001,0.42822367
5005,0.26354998
5004,0.28490442
5013,0.56297004
5006,0.773375
5012,0.4924472
5015,0.43376198
5008,0.6488998
5002,0.77898586
5019,0.76665163
5007,0.42765874
5024,0.75135976
5020,0.5786754
5026,0.5532333
5030,0.6279623
5014,0.57950306
5032,0.4282277
5061,0.5831905
5064,0.5213947
5025,0.6629393
5016,0.42777914
5029,0.6686493
5027,0.48121673
5033,0.42949873
5051,0.2682497
5018,0.47776592
5010,0.43167573
5037,0.45136738
5035,0.6337036
5003,0.76956004
5009,0.4353872
5056,0.71218
5021,0.7169578
5048,0.31355008
5031,0.42745787
5039,0.5081282
5043,0.5706248
5045,0.5173543
5022,0.5326817
5072,0.8376416
5052,0.42729163
5059,0.2921912
5065,0.44061846
5070,0.6605371
5076,0.69580704
5069,0.7839855
5094,0.3047638
5106,0.773375
5112,0.4924472
5115,0.43376198
5125,0.6629393
5127,0.48121673
5131,0.42745787
5139,0.5081282
5041,0.6140474
5040,0.60975766
5063,0.60622287
5143,0.5706248
5145,0.5173543
5152,0.42729163
5159,0.2921912
5047,0.61182684
5170,0.6605371
5054,0.8056575
5055,0.48747486
5176,0.69580704
5057,0.43187445
5036,0.45680204
5085,0.44251484
5081,0.42812204
5046,0.43793687
5108,0.6488998
5068,0.17093208
5066,0.46316594
5118,0.47776592
5042,0.61611664
5083,0.62038517
5099,0.63323545
5194,0.3047638
5062,0.6151724
5071,0.518825
5105,0.26354998
5088,0.45099777
5093,0.6532676
5044,0.70646274
5120,0.5786754
5075,0.6919349
5113,0.56297004
5079,0.30340326
5096,0.464976
5114,0.57950306
5080,0.78785866
5102,0.77898586
5137,0.45136738
5116,0.42777914
5097,0.44949675
5126,0.5532333
5084,0.7445356
5050,0.46363723
5119,0.76665163
5129,0.6686493
5089,0.5695995
5124,0.75135976
5136,0.45680204
5133,0.42949873
5091,0.5283675
5146,0.43793687
5162,0.6151724
5103,0.76956004
5058,0.60951215
5156,0.71218
5130,0.6279623
5206,0.773375
5212,0.4924472
5215,0.43376198
5109,0.4353872
5141,0.6140474
5225,0.6629393
5163,0.60622287
5132,0.4282277
5121,0.7169578
5060,0.6486516
5227,0.48121673
5161,0.5831905
5122,0.5326817
5193,0.6532676
5231,0.42745787
5067,0.43722826
5147,0.61182684
5148,0.31355008
5164,0.5213947
5181,0.42812204
5165,0.44061846
5073,0.8080416
5155,0.48747486
5172,0.8376416
5199,0.63323545
5166,0.46316594
5074,0.7809863
5205,0.26354998
5171,0.518825
5213,0.56297004
5077,0.75546587
5169,0.7839855
5175,0.6919349
5185,0.44251484
5179,0.30340326
5180,0.78785866
5184,0.7445356
5189,0.5695995
5239,0.5081282
5095,0.50601304
5183,0.62038517
5196,0.464976
5208,0.6488998
5191,0.5283675
5202,0.77898586
5098,0.2943063
5214,0.57950306
5110,0.43167573
5219,0.76665163
5135,0.6337036
5140,0.60975766
5142,0.61611664
5144,0.70646274
5150,0.46363723
5158,0.60951215
5160,0.6486516
5167,0.43722826
5086,0.7238205
5173,0.8080416
5174,0.7809863
5188,0.45099777
5151,0.2682497
5177,0.75546587
5195,0.50601304
5198,0.2943063
5210,0.43167573
5235,0.6337036
5240,0.60975766
5242,0.61611664
5243,0.5706248
5244,0.70646274
5203,0.76956004
5250,0.46363723
5258,0.60951215
5220,0.5786754
5260,0.6486516
5267,0.43722826
5216,0.42777914
5245,0.5173543
5252,0.42729163
5273,0.8080416
5259,0.2921912
5270,0.6605371
5276,0.69580704
5221,0.7169578
5226,0.5532333
5294,0.3047638
5306,0.773375
5197,0.44949675
5157,0.43187445
5312,0.4924472
5222,0.5326817
5229,0.6686493
5315,0.43376198
5224,0.75135976
5218,0.47776592
5230,0.6279623
5325,0.6629393
5265,0.44061846
5274,0.7809863
5236,0.45680204
5233,0.42949873
5154,0.8056575
5232,0.4282277
5209,0.4353872
5237,0.45136738
5327,0.48121673
5266,0.46316594
5277,0.75546587
5331,0.42745787
5295,0.50601304
5298,0.2943063
5310,0.43167573
5256,0.71218
5335,0.6337036
5168,0.17093208
5340,0.60975766
5246,0.43793687
5248,0.31355008
5261,0.5831905
5272,0.8376416
5241,0.6140474
5271,0.518825
5247,0.61182684
5255,0.48747486
5186,0.7238205
5262,0.6151724
5263,0.60622287
5264,0.5213947
5281,0.42812204
5283,0.62038517
5275,0.6919349
5339,0.5081282
5251,0.2682497
5293,0.6532676
5269,0.7839855
5342,0.61611664
5299,0.63323545
5288,0.45099777
5279,0.30340326
5343,0.5706248
5296,0.464976
5285,0.44251484
5257,0.43187445
5344,0.70646274
5345,0.5173543
5352,0.42729163
5359,0.2921912
5370,0.6605371
5305,0.26354998
5376,0.69580704
5297,0.44949675
5394,0.3047638
5406,0.773375
5412,0.4924472
5280,0.78785866
5318,0.47776592
5415,0.43376198
5254,0.8056575
5425,0.6629393
5427,0.48121673
5431,0.42745787
5439,0.5081282
5302,0.77898586
5308,0.6488998
5350,0.46363723
5443,0.5706248
5313,0.56297004
5445,0.5173543
5452,0.42729163
5309,0.4353872
5337,0.45136738
5284,0.7445356
5268,0.17093208
5459,0.2921912
5470,0.6605371
5476,0.69580704
5319,0.76665163
5320,0.5786754
5314,0.57950306
5358,0.60951215
5348,0.31355008
5360,0.6486516
5341,0.6140474
5324,0.75135976
5372,0.8376416
5316,0.42777914
5289,0.5695995
5286,0.7238205
5383,0.62038517
5367,0.43722826
5373,0.8080416
5326,0.5532333
5329,0.6686493
5388,0.45099777
5397,0.44949675
5351,0.2682497
5347,0.61182684
5333,0.42949873
5336,0.45680204
5330,0.6279623
5409,0.4353872
5346,0.43793687
5354,0.8056575
5448,0.31355008
5355,0.48747486
5332,0.4282277
5356,0.71218
5374,0.7809863
5291,0.5283675
5377,0.75546587
5494,0.3047638
5303,0.76956004
5506,0.773375
5321,0.7169578
5395,0.50601304
5398,0.2943063
5322,0.5326817
5410,0.43167573
5365,0.44061846
5512,0.4924472
5368,0.17093208
5363,0.60622287
5362,0.6151724
5472,0.8376416
5357,0.43187445
5361,0.5831905
5435,0.6337036
5366,0.46316594
5515,0.43376198
5371,0.518825
5440,0.60975766
5375,0.6919349
5442,0.61611664
5379,0.30340326
5393,0.6532676
5364,0.5213947
5386,0.7238205
5483,0.62038517
5418,0.47776592
5381,0.42812204
5380,0.78785866
5444,0.70646274
5450,0.46363723
5384,0.7445356
5525,0.6629393
5389,0.5695995
5458,0.60951215
5527,0.48121673
5391,0.5283675
5460,0.6486516
5403,0.76956004
5467,0.43722826
5421,0.7169578
5473,0.8080416
5422,0.5326817
5474,0.7809863
5465,0.44061846
5477,0.75546587
5466,0.46316594
5495,0.50601304
5471,0.518825
5498,0.2943063
5531,0.42745787
5475,0.6919349
5510,0.43167573
5539,0.5081282
5479,0.30340326
5535,0.6337036
5543,0.5706248
5545,0.5173543
5540,0.60975766
5552,0.42729163
5542,0.61611664
5559,0.2921912
5544,0.70646274
5570,0.6605371
5550,0.46363723
5576,0.69580704
5558,0.60951215
5451,0.2682497
5594,0.3047638
5560,0.6486516
5488,0.45099777
5399,0.63323545
5396,0.464976
5480,0.78785866
5369,0.7839855
5437,0.45136738
5606,0.773375
5567,0.43722826
5612,0.4924472
5573,0.8080416
5484,0.7445356
5615,0.43376198
5441,0.6140474
5405,0.26354998
5402,0.77898586
5497,0.44949675
5385,0.44251484
5574,0.7809863
5454,0.8056575
5489,0.5695995
5625,0.6629393
5408,0.6488998
5627,0.48121673
5631,0.42745787
5447,0.61182684
5509,0.4353872
5413,0.56297004
5577,0.75546587
5419,0.76665163
5420,0.5786754
5639,0.5081282
5426,0.5532333
5468,0.17093208
5430,0.6279623
5432,0.4282277
5491,0.5283675
5461,0.5831905
5643,0.5706248
5464,0.5213947
5469,0.7839855
5645,0.5173543
5503,0.76956004
5548,0.31355008
5652,0.42729163
5414,0.57950306
5455,0.48747486
5424,0.75135976
5595,0.50601304
5485,0.44251484
5521,0.7169578
5457,0.43187445
5486,0.7238205
5518,0.47776592
5537,0.45136738
5659,0.2921912
5670,0.6605371
5541,0.6140474
5676,0.69580704
5547,0.61182684
5694,0.3047638
5555,0.48747486
5522,0.5326817
5706,0.773375
5712,0.4924472
5416,0.42777914
5715,0.43376198
5572,0.8376416
5725,0.6629393
5551,0.2682497
5598,0.2943063
5508,0.6488998
5565,0.44061846
5727,0.48121673
5436,0.45680204
5731,0.42745787
5557,0.43187445
5583,0.62038517
5429,0.6686493
5739,0.5081282
5446,0.43793687
5520,0.5786754
5554,0.8056575
5610,0.43167573
5618,0.47776592
5566,0.46316594
5588,0.45099777
5433,0.42949873
5462,0.6151724
5743,0.5706248
5745,0.5173543
5752,0.42729163
5759,0.2921912
5526,0.5532333
5770,0.6605371
5776,0.69580704
5568,0.17093208
5635,0.6337036
5794,0.3047638
5806,0.773375
5571,0.518825
5812,0.4924472
5597,0.44949675
5637,0.45136738
5456,0.71218
5815,0.43376198
5586,0.7238205
5493,0.6532676
5651,0.2682497
5530,0.6279623
5654,0.8056575
5575,0.6919349
5640,0.60975766
5496,0.464976
5668,0.17093208
5579,0.30340326
5463,0.60622287
5580,0.78785866
5502,0.77898586
5641,0.6140474
5532,0.4282277
5584,0.7445356
5481,0.42812204
5609,0.4353872
5642,0.61611664
5589,0.5695995
5648,0.31355008
5644,0.70646274
5591,0.5283675
5519,0.76665163
5650,0.46363723
5672,0.8376416
5603,0.76956004
5499,0.63323545
5683,0.62038517
5658,0.60951215
5524,0.75135976
5621,0.7169578
5688,0.45099777
5561,0.5831905
5647,0.61182684
5660,0.6486516
5622,0.5326817
5697,0.44949675
5667,0.43722826
5655,0.48747486
5665,0.44061846
5825,0.6629393
5709,0.4353872
5673,0.8080416
5564,0.5213947
5536,0.45680204
5505,0.26354998
5674,0.7809863
5666,0.46316594
5657,0.43187445
5546,0.43793687
5748,0.31355008
5562,0.6151724
5718,0.47776592
5827,0.48121673
5686,0.7238205
5513,0.56297004
5593,0.6532676
5737,0.45136738
5831,0.42745787
5514,0.57950306
5751,0.2682497
5741,0.6140474
5596,0.464976
5516,0.42777914
5747,0.61182684
5755,0.48747486
5529,0.6686493
5533,0.42949873
5569,0.7839855
5677,0.75546587
5556,0.71218
5671,0.518825
5563,0.60622287
5839,0.5081282
5581,0.42812204
5772,0.8376416
5599,0.63323545
5783,0.62038517
5585,0.44251484
5605,0.26354998
5788,0.45099777
5613,0.56297004
5608,0.6488998
5602,0.77898586
5695,0.50601304
5619,0.76665163
5620,0.5786754
5614,0.57950306
5624,0.75135976
5626,0.5532333
5636,0.45680204
5630,0.6279623
5646,0.43793687
5632,0.4282277
5662,0.6151724
5797,0.44949675
5661,0.5831905
5675,0.6919349
5693,0.6532676
5664,0.5213947
5696,0.464976
5702,0.77898586
5669,0.7839855
5616,0.42777914
5698,0.2943063
5719,0.76665163
5685,0.44251484
5708,0.6488998
5720,0.5786754
5724,0.75135976
5843,0.5706248
5726,0.5532333
5679,0.30340326
5736,0.45680204
5746,0.43793687
5730,0.6279623
5762,0.6151724
5629,0.6686493
5710,0.43167573
5757,0.43187445
5732,0.4282277
5633,0.42949873
5735,0.6337036
5680,0.78785866
5656,0.71218
5684,0.7445356
5740,0.60975766
5663,0.60622287
5689,0.5695995
5742,0.61611664
5681,0.42812204
5793,0.6532676
5691,0.5283675
5744,0.70646274
5845,0.5173543
5699,0.63323545
5750,0.46363723
5705,0.26354998
5758,0.60951215
5852,0.42729163
5760,0.6486516
5713,0.56297004
5859,0.2921912
5761,0.5831905
5796,0.464976
5767,0.43722826
5714,0.57950306
5818,0.47776592
5764,0.5213947
5870,0.6605371
5773,0.8080416
5802,0.77898586
5837,0.45136738
5774,0.7809863
5819,0.76665163
5769,0.7839855
5876,0.69580704
5716,0.42777914
5809,0.4353872
5841,0.6140474
5729,0.6686493
5777,0.75546587
5824,0.75135976
5894,0.3047638
5785,0.44251484
5754,0.8056575
5795,0.50601304
5906,0.773375
5836,0.45680204
5733,0.42949873
5808,0.6488998
5798,0.2943063
5756,0.71218
5763,0.60622287
5820,0.5786754
5912,0.4924472
5810,0.43167573
5835,0.6337036
5826,0.5532333
5915,0.43376198
5840,0.60975766
5842,0.61611664
5781,0.42812204
5844,0.70646274
5850,0.46363723
5858,0.60951215
5830,0.6279623
5925,0.6629393
5768,0.17093208
5799,0.63323545
5703,0.76956004
5847,0.61182684
5832,0.4282277
5860,0.6486516
5861,0.5831905
5855,0.48747486
5867,0.43722826
5805,0.26354998
5721,0.7169578
5813,0.56297004
5873,0.8080416
5786,0.7238205
5722,0.5326817
5874,0.7809863
5814,0.57950306
5765,0.44061846
5877,0.75546587
5816,0.42777914
5766,0.46316594
5895,0.50601304
5829,0.6686493
5898,0.2943063
5833,0.42949873
5910,0.43167573
5856,0.71218
5927,0.48121673
5935,0.6337036
5863,0.60622287
5931,0.42745787
5940,0.60975766
5881,0.42812204
5942,0.61611664
5899,0.63323545
5944,0.70646274
5905,0.26354998
5846,0.43793687
5851,0.2682497
5848,0.31355008
5913,0.56297004
5950,0.46363723
5958,0.60951215
5914,0.57950306
5939,0.5081282
5872,0.8376416
5862,0.6151724
5864,0.5213947
5869,0.7839855
5885,0.44251484
5908,0.6488998
5920,0.5786754
5883,0.62038517
5893,0.6532676
5888,0.45099777
5896,0.464976
5902,0.77898586
5943,0.5706248
5945,0.5173543
5952,0.42729163
5959,0.2921912
5970,0.6605371
5976,0.69580704
5919,0.76665163
5960,0.6486516
5967,0.43722826
5924,0.75135976
5926,0.5532333
5857,0.43187445
5916,0.42777914
5897,0.44949675
5994,0.3047638
5909,0.4353872
5854,0.8056575
6006,0.7562023
5973,0.8080416
6012,0.1991145
5930,0.6279623
6015,0.8001275
5974,0.7809863
6025,0.72528636
5932,0.4282277
5929,0.6686493
5961,0.5831905
5918,0.47776592
6027,0.6958903
5977,0.75546587
5936,0.45680204
5868,0.17093208
5964,0.5213947
5969,0.7839855
5946,0.43793687
6031,0.35243785
5985,0.44251484
5995,0.50601304
5962,0.6151724
5998,0.2943063
6008,0.42961454
5933,0.42949873
5886,0.7238205
6010,0.46496654
5993,0.6532676
5937,0.45136738
6035,0.39487773
5948,0.31355008
5941,0.6140474
5956,0.71218
6020,0.6270431
5972,0.8376416
6040,0.7273088
5963,0.60622287
5947,0.61182684
6042,0.4429384
5981,0.42812204
5955,0.48747486
6044,0.7751526
5999,0.63323545
6005,0.53634715
6013,0.68990767
6039,0.43422797
6050,0.76129436
5983,0.62038517
6058,0.5627884
5988,0.45099777
6043,0.7615919
6060,0.7237364
6045,0.759203
5951,0.2682497
6014,0.46322814
5996,0.464976
6026,0.69362223
5997,0.44949675
6052,0.43591338
6016,0.5884306
6002,0.44974214
6029,0.5746994
6019,0.63916636
6033,0.6394552
6024,0.49796328
6056,0.64990485
6036,0.56595755
6059,0.35562906
5957,0.43187445
6030,0.42774796
6070,0.7043978
6063,0.42993256
6032,0.7243202
6061,0.6656325
6081,0.4489736
6064,0.5864466
6076,0.81955564
6067,0.46945557
6046,0.58339244
6094,0.4704383
6018,0.5300925
6106,0.7562023
6037,0.64997005
6073,0.54776704
6112,0.1991145
6115,0.8001275
6074,0.2859953
6062,0.5709591
6009,0.39835542
6125,0.72528636
6041,0.70870376
6077,0.5438614
5954,0.8056575
6095,0.43064782
6098,0.6523339
6099,0.44537136
6110,0.46496654
6135,0.39487773
6127,0.6958903
6069,0.70049345
6047,0.7385569
6093,0.7400912
6140,0.7273088
5968,0.17093208
6105,0.53634715
6142,0.4429384
6048,0.7732022
6055,0.8320601
6085,0.75140274
6144,0.7751526
6131,0.35243785
6108,0.42961454
5986,0.7238205
6113,0.68990767
6120,0.6270431
6072,0.42805514
6083,0.49519765
6051,0.45731267
6096,0.42901456
6102,0.44974214
6114,0.46322814
6139,0.43422797
6150,0.76129436
6088,0.59076524
6119,0.63916636
6143,0.7615919
6116,0.5884306
6158,0.5627884
6126,0.69362223
6145,0.759203
6160,0.7237364
6097,0.51641595
6152,0.43591338
6159,0.35562906
6170,0.7043978
6130,0.42774796
6176,0.81955564
6129,0.5746994
6124,0.49796328
6057,0.70016515
6133,0.6394552
6167,0.46945557
6132,0.7243202
6136,0.56595755
6156,0.64990485
6146,0.58339244
6163,0.42993256
6181,0.4489736
6161,0.6656325
6118,0.5300925
6194,0.4704383
6173,0.54776704
6164,0.5864466
6174,0.2859953
6206,0.7562023
6137,0.64997005
6177,0.5438614
6212,0.1991145
6162,0.5709591
6141,0.70870376
6195,0.43064782
6109,0.39835542
6215,0.8001275
6199,0.44537136
6054,0.57456946
6225,0.72528636
6147,0.7385569
6227,0.6958903
6198,0.6523339
6068,0.42846423
6169,0.70049345
6155,0.8320601
6193,0.7400912
6205,0.53634715
6185,0.75140274
6210,0.46496654
6086,0.27459022
6208,0.42961454
6235,0.39487773
6231,0.35243785
6148,0.7732022
6240,0.7273088
6242,0.4429384
6244,0.7751526
6172,0.42805514
6220,0.6270431
6151,0.45731267
6213,0.68990767
6183,0.49519765
6196,0.42901456
6239,0.43422797
6202,0.44974214
6250,0.76129436
6188,0.59076524
6258,0.5627884
6214,0.46322814
6219,0.63916636
6243,0.7615919
6216,0.5884306
6197,0.51641595
6245,0.759203
6226,0.69362223
6229,0.5746994
6260,0.7237364
6252,0.43591338
6157,0.70016515
6224,0.49796328
6233,0.6394552
6230,0.42774796
6256,0.64990485
6263,0.42993256
6236,0.56595755
6281,0.4489736
6232,0.7243202
6267,0.46945557
6259,0.35562906
6246,0.58339244
6218,0.5300925
6261,0.6656325
6237,0.64997005
6273,0.54776704
6270,0.7043978
6262,0.5709591
6274,0.2859953
6264,0.5864466
6276,0.81955564
6294,0.4704383
6277,0.5438614
6241,0.70870376
6306,0.7562023
6209,0.39835542
6312,0.1991145
6315,0.8001275
6325,0.72528636
6154,0.57456946
6247,0.7385569
6295,0.43064782
6299,0.44537136
6293,0.7400912
6269,0.70049345
6168,0.42846423
6255,0.8320601
6248,0.7732022
6327,0.6958903
6298,0.6523339
6186,0.27459022
6310,0.46496654
6335,0.39487773
6340,0.7273088
6342,0.4429384
6305,0.53634715
6344,0.7751526
6331,0.35243785
6285,0.75140274
6313,0.68990767
6251,0.45731267
6272,0.42805514
6308,0.42961454
6320,0.6270431
6283,0.49519765
6296,0.42901456
6339,0.43422797
6350,0.76129436
6288,0.59076524
6302,0.44974214
6358,0.5627884
6314,0.46322814
6319,0.63916636
6343,0.7615919
6345,0.759203
6352,0.43591338
6257,0.70016515
6359,0.35562906
6316,0.5884306
6297,0.51641595
6360,0.7237364
6326,0.69362223
6370,0.7043978
6324,0.49796328
6376,0.81955564
6329,0.5746994
6336,0.56595755
6330,0.42774796
6394,0.4704383
6333,0.6394552
6406,0.7562023
6332,0.7243202
6412,0.1991145
6318,0.5300925
6367,0.46945557
6356,0.64990485
6346,0.58339244
6361,0.6656325
6363,0.42993256
6415,0.8001275
6362,0.5709591
6364,0.5864466
6381,0.4489736
6309,0.39835542
6254,0.57456946
6399,0.44537136
6425,0.72528636
6337,0.64997005
6268,0.42846423
6373,0.54776704
6341,0.70870376
6347,0.7385569
6374,0.2859953
6369,0.70049345
6393,0.7400912
6355,0.8320601
6405,0.53634715
6385,0.75140274
6377,0.5438614
6395,0.43064782
6408,0.42961454
6286,0.27459022
6348,0.7732022
6398,0.6523339
6427,0.6958903
6410,0.46496654
6431,0.35243785
6435,0.39487773
6413,0.68990767
6372,0.42805514
6440,0.7273088
6351,0.45731267
6442,0.4429384
6420,0.6270431
6383,0.49519765
6439,0.43422797
6444,0.7751526
6396,0.42901456
6388,0.59076524
6402,0.44974214
6450,0.76129436
6458,0.5627884
6419,0.63916636
6443,0.7615919
6414,0.46322814
6416,0.5884306
6460,0.7237364
6426,0.69362223
6445,0.759203
6397,0.51641595
6452,0.43591338
6429,0.5746994
6433,0.6394552
6357,0.70016515
6456,0.64990485
6424,0.49796328
6459,0.35562906
6430,0.42774796
6470,0.7043978
6436,0.56595755
6432,0.7243202
6476,0.81955564
6463,0.42993256
6461,0.6656325
6464,0.5864466
6481,0.4489736
6467,0.46945557
6446,0.58339244
6418,0.5300925
6494,0.4704383
6437,0.64997005
6473,0.54776704
6506,0.7562023
6512,0.1991145
6515,0.8001275
6409,0.39835542
6354,0.57456946
6462,0.5709591
6474,0.2859953
6525,0.72528636
6441,0.70870376
6477,0.5438614
6499,0.44537136
6368,0.42846423
6447,0.7385569
6493,0.7400912
6527,0.6958903
6469,0.70049345
6495,0.43064782
6531,0.35243785
6505,0.53634715
6455,0.8320601
6448,0.7732022
6386,0.27459022
6498,0.6523339
6485,0.75140274
6510,0.46496654
6535,0.39487773
6540,0.7273088
6513,0.68990767
6542,0.4429384
6472,0.42805514
6544,0.7751526
6508,0.42961454
6550,0.76129436
6451,0.45731267
6520,0.6270431
6483,0.49519765
6488,0.59076524
6526,0.69362223
6497,0.51641595
6539,0.43422797
6496,0.42901456
6543,0.7615919
6514,0.46322814
6545,0.759203
6558,0.5627884
6552,0.43591338
6530,0.42774796
6502,0.44974214
6516,0.5884306
6559,0.35562906
6560,0.7237364
6532,0.7243202
6570,0.7043978
6519,0.63916636
6529,0.5746994
6457,0.70016515
6524,0.49796328
6533,0.6394552
6561,0.6656325
6536,0.56595755
6576,0.81955564
6556,0.64990485
6563,0.42993256
6581,0.4489736
6564,0.5864466
6546,0.58339244
6567,0.46945557
6518,0.5300925
6594,0.4704383
6537,0.64997005
6573,0.54776704
6606,0.7562023
6574,0.2859953
6612,0.1991145
6577,0.5438614
6615,0.8001275
6595,0.43064782
6562,0.5709591
6625,0.72528636
6598,0.6523339
6454,0.57456946
6610,0.46496654
6627,0.6958903
6635,0.39487773
6599,0.44537136
6541,0.70870376
6509,0.39835542
6547,0.7385569
6569,0.70049345
6631,0.35243785
6555,0.8320601
6548,0.7732022
6593,0.7400912
6640,0.7273088
6605,0.53634715
6468,0.42846423
6613,0.68990767
6486,0.27459022
6585,0.75140274
6572,0.42805514
6608,0.42961454
6642,0.4429384
6620,0.6270431
6551,0.45731267
6583,0.49519765
6644,0.7751526
6596,0.42901456
6639,0.43422797
6602,0.44974214
6588,0.59076524
6650,0.76129436
6619,0.63916636
6658,0.5627884
6614,0.46322814
6597,0.51641595
6626,0.69362223
6643,0.7615919
6616,0.5884306
6660,0.7237364
6645,0.759203
6624,0.49796328
6652,0.43591338
6659,0.35562906
6670,0.7043978
6629,0.5746994
6676,0.81955564
6557,0.70016515
6630,0.42774796
6636,0.56595755
6633,0.6394552
6694,0.4704383
6618,0.5300925
6637,0.64997005
6632,0.7243202
6656,0.64990485
6646,0.58339244
6661,0.6656325
6667,0.46945557
6706,0.7562023
6663,0.42993256
6664,0.5864466
6712,0.1991145
6673,0.54776704
6681,0.4489736
6609,0.39835542
6662,0.5709591
6715,0.8001275
6725,0.72528636
6727,0.6958903
6641,0.70870376
6674,0.2859953
6554,0.57456946
6648,0.7732022
6669,0.70049345
6699,0.44537136
6731,0.35243785
6693,0.7400912
6677,0.5438614
6568,0.42846423
6685,0.75140274
6705,0.53634715
6647,0.7385569
6695,0.43064782
6655,0.8320601
6698,0.6523339
6710,0.46496654
6735,0.39487773
6708,0.42961454
6740,0.7273088
6713,0.68990767
6586,0.27459022
6742,0.4429384
6720,0.6270431
6651,0.45731267
6672,0.42805514
6744,0.7751526
6683,0.49519765
6696,0.42901456
6739,0.43422797
6750,0.76129436
6702,0.44974214
6758,0.5627884
6688,0.59076524
6714,0.46322814
6719,0.63916636
6716,0.5884306
6743,0.7615919
6726,0.69362223
6697,0.51641595
6729,0.5746994
6760,0.7237364
6745,0.759203
6730,0.42774796
6724,0.49796328
6657,0.70016515
6733,0.6394552
6752,0.43591338
6732,0.7243202
6759,0.35562906
6767,0.46945557
6756,0.64990485
6718,0.5300925
6736,0.56595755
6770,0.7043978
6761,0.6656325
6773,0.54776704
6746,0.58339244
6709,0.39835542
6763,0.42993256
6737,0.64997005
6776,0.81955564
6654,0.57456946
6764,0.5864466
6762,0.5709591
6774,0.2859953
6668,0.42846423
6741,0.70870376
6794,0.4704383
6781,0.4489736
6777,0.5438614
6747,0.7385569
6799,0.44537136
6806,0.7562023
6755,0.8320601
6795,0.43064782
6812,0.1991145
6798,0.6523339
6769,0.70049345
6815,0.8001275
6793,0.7400912
6805,0.53634715
6825,0.72528636
6810,0.46496654
6785,0.75140274
6835,0.39487773
6686,0.27459022
6827,0.6958903
6808,0.42961454
6840,0.7273088
6748,0.7732022
6831,0.35243785
6842,0.4429384
6844,0.7751526
6772,0.42805514
6820,0.6270431
6813,0.68990767
6751,0.45731267
6796,0.42901456
6850,0.76129436
6814,0.46322814
6839,0.43422797
6783,0.49519765
6788,0.59076524
6802,0.44974214
6858,0.5627884
6843,0.7615919
6797,0.51641595
6819,0.63916636
6816,0.5884306
6845,0.759203
6826,0.69362223
6852,0.43591338
6757,0.70016515
6829,0.5746994
6860,0.7237364
6859,0.35562906
6824,0.49796328
6830,0.42774796
6833,0.6394552
6856,0.64990485
6870,0.7043978
6876,0.81955564
6894,0.4704383
6836,0.56595755
6906,0.7562023
6912,0.1991145
6846,0.58339244
6867,0.46945557
6832,0.7243202
6863,0.42993256
6818,0.5300925
6915,0.8001275
6881,0.4489736
6873,0.54776704
6862,0.5709591
6874,0.2859953
6754,0.57456946
6877,0.5438614
6899,0.44537136
6809,0.39835542
6837,0.64997005
6861,0.6656325
6895,0.43064782
6864,0.5864466
6841,0.70870376
6898,0.6523339
6768,0.42846423
6847,0.7385569
6925,0.72528636
6855,0.8320601
6869,0.70049345
6910,0.46496654
6893,0.7400912
6905,0.53634715
6885,0.75140274
6935,0.39487773
6786,0.27459022
6927,0.6958903
6848,0.7732022
6908,0.42961454
6940,0.7273088
6931,0.35243785
6942,0.4429384
6944,0.7751526
6913,0.68990767
6872,0.42805514
6920,0.6270431
6851,0.45731267
6883,0.49519765
6939,0.43422797
6943,0.7615919
6945,0.759203
6952,0.43591338
6959,0.35562906
6970,0.7043978
6950,0.76129436
6958,0.5627884
6976,0.81955564
6960,0.7237364
6896,0.42901456
6888,0.59076524
6914,0.46322814
6967,0.46945557
6902,0.44974214
6919,0.63916636
6926,0.69362223
6857,0.70016515
6924,0.49796328
6930,0.42774796
6994,0.4704383
6936,0.56595755
6932,0.7243202
6973,0.54776704
6961,0.6656325
6946,0.58339244
6974,0.2859953
6964,0.5864466
6897,0.51641595
6918,0.5300925
7006,0.7562023
6977,0.5438614
6916,0.5884306
6962,0.5709591
6937,0.64997005
6909,0.39835542
6929,0.5746994
6941,0.70870376
6933,0.6394552
6956,0.64990485
6963,0.42993256
6981,0.4489736
7012,0.1991145
6999,0.44537136
6947,0.7385569
6969,0.70049345
6955,0.8320601
6993,0.7400912
7005,0.53634715
7015,0.8001275
7025,0.72528636
6854,0.57456946
7027,0.6958903
6948,0.7732022
6995,0.43064782
6868,0.42846423
6985,0.75140274
6998,0.6523339
6886,0.27459022
7008,0.42961454
7010,0.46496654
7031,0.35243785
7035,0.39487773
7040,0.7273088
7013,0.68990767
7042,0.4429384
6972,0.42805514
7044,0.7751526
6951,0.45731267
7020,0.6270431
6983,0.49519765
7039,0.43422797
6996,0.42901456
7050,0.76129436
6988,0.59076524
7014,0.46322814
7002,0.44974214
7058,0.5627884
5002,0.4285208
5019,0.4301974
5005,0.620098
5018,0.43346953
5037,0.5330507
5013,0.624637
5010,0.5590814
5001,0.42858338
5035,0.6737995
5004,0.5501157
5007,0.5699016
5040,0.4863273
5042,0.6908368
5044,0.71512705
5014,0.7272626
5006,0.43521208
5012,0.6075711
5050,0.44009382
5008,0.42819542
5020,0.42814538
5024,0.44357157
5058,0.6485605
5060,0.5811019
5067,0.4487196
5073,0.59625655
5074,0.6129895
5077,0.5585484
5095,0.45688194
5098,0.6583212
5003,0.6413828
5110,0.5590814
5135,0.6737995
5021,0.48162425
5026,0.5831915
5041,0.4770546
5011,0.46018022
5009,0.75405216
5022,0.36538523
5048,0.4274853
5015,0.42778125
5025,0.46879125
5027,0.43206096
5031,0.43318316
5039,0.491511
5043,0.44651884
5045,0.4581085
5052,0.67429453
5016,0.43383363
5059,0.4304806
5070,0.69728506
5017,0.63095814
5076,0.657583
5094,0.4592699
5106,0.43521208
5112,0.6075711
5115,0.42778125
5125,0.46879125
5127,0.43206096
5131,0.43318316
5139,0.491511
5072,0.53578526
5143,0.44651884
5145,0.4581085
5140,0.4863273
5152,0.67429453
5159,0.4304806
5170,0.69728506
5176,0.657583
5051,0.8330436
5036,0.4840883
5029,0.52163684
5023,0.46956986
5194,0.4592699
5054,0.47741133
5206,0.43521208
5030,0.33920524
5212,0.6075711
5068,0.53960884
5032,0.19632655
5215,0.42778125
5061,0.67738116
5033,0.5257194
5225,0.46879125
5046,0.48406112
5047,0.46356964
5028,0.47849607
5142,0.6908368
5064,0.739948
5055,0.3989595
5062,0.5656289
5056,0.42872238
5069,0.4323163
5227,0.43206096
5144,0.71512705
5086,0.48267746
5085,0.29134583
5150,0.44009382
5158,0.6485605
5231,0.43318316
5034,0.8293909
5083,0.28785676
5108,0.42819542
5160,0.5811019
5167,0.4487196
5120,0.42814538
5173,0.59625655
5093,0.79115975
5057,0.7000594
5174,0.6129895
5177,0.5585484
5195,0.45688194
5198,0.6583212
5063,0.43393236
5210,0.5590814
5235,0.6737995
5151,0.8330436
5088,0.4582141
5240,0.4863273
5038,0.6224625
5242,0.6908368
5244,0.71512705
5250,0.44009382
5126,0.5831915
5118,0.43346953
5096,0.8153932
5081,0.596105
5239,0.491511
5243,0.44651884
5245,0.4581085
5252,0.67429453
5097,0.6601646
5049,0.26963627
5259,0.4304806
5270,0.69728506
5276,0.657583
5294,0.4592699
5137,0.5330507
5102,0.4285208
5141,0.4770546
5119,0.4301974
5306,0.43521208
5130,0.33920524
5147,0.46356964
5312,0.6075711
5155,0.3989595
5124,0.44357157
5132,0.19632655
5157,0.7000594
5258,0.6485605
5161,0.67738116
5136,0.4840883
5099,0.7016995
5053,0.71243465
5109,0.75405216
5315,0.42778125
5325,0.46879125
5154,0.47741133
5164,0.739948
5218,0.43346953
5105,0.620098
5146,0.48406112
5148,0.4274853
5078,0.8448403
5260,0.5811019
5327,0.43206096
5168,0.53960884
5186,0.48267746
5251,0.8330436
5169,0.4323163
5162,0.5656289
5237,0.5330507
5113,0.624637
5172,0.53578526
5331,0.43318316
5082,0.558691
5183,0.28785676
5339,0.491511
5087,0.50628227
5188,0.4582141
5090,0.70513195
5197,0.6601646
5267,0.4487196
5092,0.73277915
5273,0.59625655
5185,0.29134583
5193,0.79115975
5209,0.75405216
5100,0.53930306
5274,0.6129895
5343,0.44651884
5208,0.42819542
5196,0.8153932
5248,0.4274853
5114,0.7272626
5241,0.4770546
5220,0.42814538
5272,0.53578526
5202,0.4285208
5116,0.43383363
5101,0.42858338
5345,0.4581085
5277,0.5585484
5247,0.46356964
5283,0.28785676
5219,0.4301974
5129,0.52163684
5226,0.5831915
5295,0.45688194
5352,0.67429453
5104,0.5501157
5133,0.5257194
5224,0.44357157
5107,0.5699016
5288,0.4582141
5230,0.33920524
5255,0.3989595
5298,0.6583212
5156,0.42872238
5236,0.4840883
5232,0.19632655
5359,0.4304806
5257,0.7000594
5111,0.46018022
5297,0.6601646
5310,0.5590814
5163,0.43393236
5370,0.69728506
5246,0.48406112
5261,0.67738116
5117,0.63095814
5335,0.6737995
5181,0.596105
5376,0.657583
5262,0.5656289
5264,0.739948
5123,0.46956986
5199,0.7016995
5340,0.4863273
5318,0.43346953
5293,0.79115975
5342,0.6908368
5394,0.4592699
5269,0.4323163
5128,0.47849607
5337,0.5330507
5296,0.8153932
5406,0.43521208
5344,0.71512705
5205,0.620098
5134,0.8293909
5285,0.29134583
5302,0.4285208
5341,0.4770546
5213,0.624637
5412,0.6075711
5350,0.44009382
5138,0.6224625
5308,0.42819542
5214,0.7272626
5319,0.4301974
5347,0.46356964
5415,0.42778125
5149,0.26963627
5358,0.6485605
5320,0.42814538
5324,0.44357157
5153,0.71243465
5355,0.3989595
5425,0.46879125
5360,0.5811019
5336,0.4840883
5326,0.5831915
5216,0.43383363
5309,0.75405216
5178,0.8448403
5367,0.4487196
5229,0.52163684
5346,0.48406112
5330,0.33920524
5427,0.43206096
5373,0.59625655
5182,0.558691
5374,0.6129895
5233,0.5257194
5362,0.5656289
5332,0.19632655
5254,0.47741133
5431,0.43318316
5187,0.50628227
5256,0.42872238
5393,0.79115975
5361,0.67738116
5377,0.5585484
5190,0.70513195
5263,0.43393236
5395,0.45688194
5192,0.73277915
5364,0.739948
5398,0.6583212
5281,0.596105
5410,0.5590814
5369,0.4323163
5200,0.53930306
5299,0.7016995
5435,0.6737995
5201,0.42858338
5348,0.4274853
5305,0.620098
5268,0.53960884
5440,0.4863273
5385,0.29134583
5204,0.5501157
5408,0.42819542
5313,0.624637
5442,0.6908368
5420,0.42814538
5207,0.5699016
5314,0.7272626
5211,0.46018022
5444,0.71512705
5316,0.43383363
5217,0.63095814
5450,0.44009382
5396,0.8153932
5329,0.52163684
5223,0.46956986
5372,0.53578526
5333,0.5257194
5356,0.42872238
5458,0.6485605
5228,0.47849607
5286,0.48267746
5234,0.8293909
5426,0.5831915
5363,0.43393236
5238,0.6224625
5381,0.596105
5460,0.5811019
5249,0.26963627
5399,0.7016995
5253,0.71243465
5405,0.620098
5278,0.8448403
5402,0.4285208
5439,0.491511
5413,0.624637
5282,0.558691
5414,0.7272626
5287,0.50628227
5416,0.43383363
5290,0.70513195
5429,0.52163684
5292,0.73277915
5433,0.5257194
5456,0.42872238
5300,0.53930306
5301,0.42858338
5304,0.5501157
5307,0.5699016
5311,0.46018022
5317,0.63095814
5463,0.43393236
5323,0.46956986
5481,0.596105
5383,0.28785676
5351,0.8330436
5467,0.4487196
5473,0.59625655
5474,0.6129895
5443,0.44651884
5445,0.4581085
5477,0.5585484
5452,0.67429453
5459,0.4304806
5470,0.69728506
5419,0.4301974
5357,0.7000594
5476,0.657583
5495,0.45688194
5430,0.33920524
5494,0.4592699
5506,0.43521208
5512,0.6075711
5388,0.4582141
5499,0.7016995
5515,0.42778125
5498,0.6583212
5525,0.46879125
5328,0.47849607
5510,0.5590814
5334,0.8293909
5505,0.620098
5338,0.6224625
5424,0.44357157
5349,0.26963627
5418,0.43346953
5354,0.47741133
5432,0.19632655
5397,0.6601646
5353,0.71243465
5436,0.4840883
5378,0.8448403
5382,0.558691
5387,0.50628227
5390,0.70513195
5392,0.73277915
5400,0.53930306
5401,0.42858338
5404,0.5501157
5407,0.5699016
5411,0.46018022
5417,0.63095814
5423,0.46956986
5428,0.47849607
5434,0.8293909
5438,0.6224625
5449,0.26963627
5453,0.71243465
5368,0.53960884
5437,0.5330507
5478,0.8448403
5482,0.558691
5487,0.50628227
5409,0.75405216
5490,0.70513195
5492,0.73277915
5461,0.67738116
5535,0.6737995
5500,0.53930306
5527,0.43206096
5501,0.42858338
5531,0.43318316
5504,0.5501157
5539,0.491511
5507,0.5699016
5511,0.46018022
5517,0.63095814
5446,0.48406112
5523,0.46956986
5543,0.44651884
5528,0.47849607
5534,0.8293909
5538,0.6224625
5545,0.4581085
5549,0.26963627
5513,0.624637
5553,0.71243465
5552,0.67429453
5578,0.8448403
5582,0.558691
5587,0.50628227
5590,0.70513195
5441,0.4770546
5386,0.48267746
5464,0.739948
5592,0.73277915
5559,0.4304806
5448,0.4274853
5570,0.69728506
5540,0.4863273
5600,0.53930306
5576,0.657583
5601,0.42858338
5462,0.5656289
5604,0.5501157
5514,0.7272626
5594,0.4592699
5451,0.8330436
5447,0.46356964
5469,0.4323163
5472,0.53578526
5542,0.6908368
5606,0.43521208
5612,0.6075711
5493,0.79115975
5615,0.42778125
5625,0.46879125
5627,0.43206096
5516,0.43383363
5631,0.43318316
5607,0.5699016
5455,0.3989595
5454,0.47741133
5485,0.29134583
5483,0.28785676
5496,0.8153932
5544,0.71512705
5639,0.491511
5488,0.4582141
5497,0.6601646
5457,0.7000594
5509,0.75405216
5529,0.52163684
5548,0.4274853
5643,0.44651884
5572,0.53578526
5645,0.4581085
5468,0.53960884
5611,0.46018022
5508,0.42819542
5652,0.67429453
5502,0.4285208
5550,0.44009382
5518,0.43346953
5533,0.5257194
5583,0.28785676
5486,0.48267746
5659,0.4304806
5520,0.42814538
5670,0.69728506
5617,0.63095814
5676,0.657583
5694,0.4592699
5519,0.4301974
5706,0.43521208
5558,0.6485605
5712,0.6075711
5715,0.42778125
5725,0.46879125
5537,0.5330507
5588,0.4582141
5556,0.42872238
5551,0.8330436
5526,0.5831915
5727,0.43206096
5623,0.46956986
5731,0.43318316
5524,0.44357157
5560,0.5811019
5739,0.491511
5554,0.47741133
5541,0.4770546
5597,0.6601646
5563,0.43393236
5530,0.33920524
5536,0.4840883
5628,0.47849607
5547,0.46356964
5567,0.4487196
5609,0.75405216
5568,0.53960884
5743,0.44651884
5581,0.596105
5546,0.48406112
5555,0.3989595
5532,0.19632655
5562,0.5656289
5634,0.8293909
5573,0.59625655
5593,0.79115975
5557,0.7000594
5574,0.6129895
5596,0.8153932
5577,0.5585484
5618,0.43346953
5586,0.48267746
5599,0.7016995
5745,0.4581085
5648,0.4274853
5561,0.67738116
5564,0.739948
5595,0.45688194
5602,0.4285208
5598,0.6583212
5569,0.4323163
5619,0.4301974
5637,0.5330507
5610,0.5590814
5624,0.44357157
5585,0.29134583
5605,0.620098
5635,0.6737995
5638,0.6224625
5641,0.4770546
5651,0.8330436
5752,0.67429453
5649,0.26963627
5613,0.624637
5647,0.46356964
5759,0.4304806
5672,0.53578526
5640,0.4863273
5655,0.3989595
5636,0.4840883
5608,0.42819542
5657,0.7000594
5683,0.28785676
5654,0.47741133
5718,0.43346953
5620,0.42814538
5646,0.48406112
5668,0.53960884
5737,0.5330507
5653,0.71243465
5741,0.4770546
5770,0.69728506
5747,0.46356964
5678,0.8448403
5776,0.657583
5755,0.3989595
5682,0.558691
5642,0.6908368
5688,0.4582141
5614,0.7272626
5794,0.4592699
5662,0.5656289
5697,0.6601646
5644,0.71512705
5616,0.43383363
5806,0.43521208
5693,0.79115975
5626,0.5831915
5709,0.75405216
5650,0.44009382
5812,0.6075711
5629,0.52163684
5696,0.8153932
5630,0.33920524
5633,0.5257194
5687,0.50628227
5815,0.42778125
5658,0.6485605
5702,0.4285208
5656,0.42872238
5660,0.5811019
5825,0.46879125
5690,0.70513195
5667,0.4487196
5663,0.43393236
5673,0.59625655
5681,0.596105
5674,0.6129895
5699,0.7016995
5677,0.5585484
5719,0.4301974
5686,0.48267746
5827,0.43206096
5705,0.620098
5692,0.73277915
5724,0.44357157
5695,0.45688194
5700,0.53930306
5713,0.624637
5714,0.7272626
5716,0.43383363
5729,0.52163684
5748,0.4274853
5632,0.19632655
5736,0.4840883
5698,0.6583212
5701,0.42858338
5831,0.43318316
5661,0.67738116
5704,0.5501157
5746,0.48406112
5664,0.739948
5710,0.5590814
5669,0.4323163
5733,0.5257194
5772,0.53578526
5735,0.6737995
5707,0.5699016
5756,0.42872238
5762,0.5656289
5751,0.8330436
5740,0.4863273
5685,0.29134583
5711,0.46018022
5763,0.43393236
5742,0.6908368
5708,0.42819542
5744,0.71512705
5793,0.79115975
5839,0.491511
5717,0.63095814
5783,0.28785676
5720,0.42814538
5781,0.596105
5750,0.44009382
5723,0.46956986
5796,0.8153932
5799,0.7016995
5788,0.4582141
5758,0.6485605
5728,0.47849607
5802,0.4285208
5805,0.620098
5760,0.5811019
5819,0.4301974
5734,0.8293909
5843,0.44651884
5726,0.5831915
5797,0.6601646
5767,0.4487196
5813,0.624637
5738,0.6224625
5730,0.33920524
5814,0.7272626
5749,0.26963627
5845,0.4581085
5773,0.59625655
5753,0.71243465
5732,0.19632655
5816,0.43383363
5852,0.67429453
5774,0.6129895
5778,0.8448403
5829,0.52163684
5782,0.558691
5787,0.50628227
5790,0.70513195
5792,0.73277915
5757,0.7000594
5833,0.5257194
5777,0.5585484
5761,0.67738116
5800,0.53930306
5859,0.4304806
5795,0.45688194
5764,0.739948
5824,0.44357157
5856,0.42872238
5801,0.42858338
5870,0.69728506
5863,0.43393236
5836,0.4840883
5798,0.6583212
5818,0.43346953
5804,0.5501157
5810,0.5590814
5807,0.5699016
5835,0.6737995
5811,0.46018022
5846,0.48406112
5840,0.4863273
5876,0.657583
5769,0.4323163
5785,0.29134583
5842,0.6908368
5894,0.4592699
5837,0.5330507
5809,0.75405216
5862,0.5656289
5817,0.63095814
5841,0.4770546
5808,0.42819542
5754,0.47741133
5847,0.46356964
5844,0.71512705
5823,0.46956986
5906,0.43521208
5820,0.42814538
5850,0.44009382
5768,0.53960884
5828,0.47849607
5855,0.3989595
5912,0.6075711
5858,0.6485605
5834,0.8293909
5838,0.6224625
5849,0.26963627
5860,0.5811019
5826,0.5831915
5853,0.71243465
5878,0.8448403
5867,0.4487196
5830,0.33920524
5881,0.596105
5882,0.558691
5915,0.42778125
5925,0.46879125
5887,0.50628227
5899,0.7016995
5890,0.70513195
5927,0.43206096
5892,0.73277915
5931,0.43318316
5900,0.53930306
5893,0.79115975
5832,0.19632655
5901,0.42858338
5905,0.620098
5786,0.48267746
5848,0.4274853
5873,0.59625655
5904,0.5501157
5861,0.67738116
5939,0.491511
5874,0.6129895
5851,0.8330436
5872,0.53578526
5877,0.5585484
5864,0.739948
5943,0.44651884
5869,0.4323163
5895,0.45688194
5907,0.5699016
5896,0.8153932
5913,0.624637
5885,0.29134583
5945,0.4581085
5898,0.6583212
5908,0.42819542
5952,0.67429453
5910,0.5590814
5883,0.28785676
5920,0.42814538
5926,0.5831915
5935,0.6737995
5914,0.7272626
5940,0.4863273
5959,0.4304806
5902,0.4285208
5930,0.33920524
5942,0.6908368
5970,0.69728506
5911,0.46018022
5976,0.657583
5888,0.4582141
5916,0.43383363
5857,0.7000594
5944,0.71512705
5932,0.19632655
5919,0.4301974
5917,0.63095814
5918,0.43346953
5897,0.6601646
5924,0.44357157
5950,0.44009382
5929,0.52163684
5961,0.67738116
5936,0.4840883
5994,0.4592699
5937,0.5330507
5923,0.46956986
5933,0.5257194
5958,0.6485605
6006,0.43521208
5928,0.47849607
5960,0.5811019
5946,0.48406112
5934,0.8293909
6012,0.6075711
5909,0.75405216
5956,0.42872238
5964,0.739948
5941,0.4770546
5967,0.4487196
5962,0.5656289
5938,0.6224625
5963,0.43393236
5973,0.59625655
5981,0.596105
5949,0.26963627
5974,0.6129895
5953,0.71243465
5999,0.7016995
5854,0.47741133
5969,0.4323163
5868,0.53960884
5985,0.29134583
5993,0.79115975
5978,0.8448403
5977,0.5585484
5947,0.46356964
5982,0.558691
5995,0.45688194
5955,0.3989595
6015,0.42778125
5987,0.50628227
5998,0.6583212
6005,0.620098
6025,0.46879125
6010,0.5590814
5990,0.70513195
5886,0.48267746
5992,0.73277915
6008,0.42819542
6027,0.43206096
6035,0.6737995
6000,0.53930306
5948,0.4274853
6040,0.4863273
6001,0.42858338
6004,0.5501157
6031,0.43318316
6042,0.6908368
6044,0.71512705
6007,0.5699016
6011,0.46018022
6017,0.63095814
6013,0.624637
6023,0.46956986
6020,0.42814538
6028,0.47849607
5972,0.53578526
5951,0.8330436
6034,0.8293909
5983,0.28785676
5996,0.8153932
6038,0.6224625
6049,0.26963627
5988,0.4582141
6002,0.4285208
6050,0.44009382
6039,0.491511
6014,0.7272626
6058,0.6485605
18,0.15898834
51,0.2831204
3,0.42516544
9,0.24740443
6,0.4836777
8,0.3989595
37,0.28631088
21,0.36521035
48,0.4130875
12,0.25030413
22,0.48305964
41,0.45184392
20,0.28345567
72,0.29081047
15,0.42754772
26,0.4274071
54,0.41706932
25,0.42791605
30,0.48702532
83,0.29731765
27,0.28191978
32,0.4681813
88,0.5282209
31,0.4126355
61,0.6129302
97,0.42737412
39,0.45747954
64,0.25040323
68,0.4544515
43,0.3041608
69,0.4277678
47,0.44841146
65,0.34645417
45,0.49145234
85,0.48898008
108,0.2990189
120,0.39615145
66,0.42751104
55,0.42759648
52,0.42772275
126,0.28399912
130,0.29849985
71,0.42685768
57,0.42732233
132,0.44123256
59,0.29436898
161,0.27470317
164,0.343709
75,0.21153414
70,0.46695608
76,0.52392584
94,0.26110658
106,0.5387883
112,0.50652945
115,0.27106652
118,0.5767529
125,0.25461757
127,0.20906454
131,0.26610103
139,0.29313713
143,0.4411878
145,0.5133033
152,0.29816487
159,0.5386985
170,0.42847192
176,0.42753932
194,0.42741126
206,0.4683085
212,0.25765756
215,0.42758602
225,0.5786609
227,0.42771646
137,0.6129875
231,0.36316156
141,0.3969671
239,0.36471727
79,0.4700758
243,0.4410928
147,0.48513174
155,0.29454702
245,0.4281947
157,0.3650853
252,0.41712952
218,0.37197423
109,0.2426654
259,0.4851541
169,0.3989595
80,0.37088606
237,0.31588733
86,0.4055847
270,0.33594945
185,0.21041536
148,0.58228767
151,0.3358849
84,0.27223012
241,0.30480963
208,0.49872816
276,0.44923538
172,0.35988912
89,0.3342862
154,0.42528886
247,0.45359796
294,0.5223533
183,0.3224016
168,0.6268037
220,0.39691108
255,0.5825372
91,0.5524499
306,0.42777857
188,0.5111791
186,0.3417676
257,0.24767733
103,0.38569617
312,0.46457058
197,0.42754737
318,0.58477616
315,0.3989595
337,0.3772898
121,0.28849438
209,0.2625215
325,0.42745468
341,0.42737588
226,0.2689741
122,0.2741276
248,0.43268993
251,0.25352997
327,0.41919702
165,0.2972794
347,0.42789182
254,0.42735827
272,0.3215975
331,0.45571062
355,0.27088615
166,0.49938393
283,0.42753842
268,0.42738706
171,0.3993614
339,0.5611062
357,0.5123885
343,0.46630242
286,0.45421368
288,0.407133
175,0.41901088
179,0.47959915
297,0.5924197
345,0.39917707
351,0.3123306
309,0.29145694
180,0.4271704
352,0.48029983
230,0.42748374
418,0.4362957
348,0.42745155
184,0.36700356
359,0.29900396
437,0.52858096
372,0.4618423
189,0.46833065
370,0.32716367
376,0.26406986
383,0.5892798
191,0.31332472
441,0.56047213
394,0.38844565
388,0.42714533
406,0.20422173
447,0.4988696
203,0.24225534
397,0.5600506
412,0.5256303
221,0.4273438
455,0.24805567
232,0.30046582
409,0.41715723
222,0.30053434
415,0.264587
448,0.2848578
425,0.49179628
265,0.46696302
472,0.42721894
427,0.49349892
266,0.42735136
431,0.32057825
483,0.3989595
439,0.28341702
488,0.44420326
271,0.42859468
457,0.5201196
497,0.2698241
443,0.54089296
275,0.3975034
445,0.3869722
279,0.3776213
354,0.4511202
280,0.5267854
452,0.4093318
284,0.47390932
459,0.42721128
518,0.28312892
537,0.5444098
289,0.49930283
470,0.48831397
291,0.42741966
476,0.37975472
303,0.2725328
541,0.4274275
509,0.48426795
494,0.3989595
321,0.5820811
547,0.4030784
506,0.28872943
322,0.5344262
555,0.45445883
512,0.48135456
365,0.46371043
548,0.38474196
515,0.42733032
261,0.45673823
366,0.5824466
572,0.42773944
525,0.46977657
371,0.51971406
583,0.4037259
375,0.37583023
588,0.29919696
379,0.48540115
380,0.33098465
384,0.5827987
389,0.5786911
391,0.46915093
403,0.57461715
421,0.27601236
422,0.4257735
368,0.46002364
465,0.5075711
466,0.3989595
471,0.5512324
475,0.42796302
479,0.45877063
480,0.42770693
484,0.42745465
489,0.5722935
491,0.44946966
503,0.23403889
264,0.30475366
521,0.5662635
522,0.44997194
565,0.47461784
566,0.44460642
571,0.5353003
575,0.444766
579,0.4274407
580,0.19080207
584,0.44491193
589,0.2995791
591,0.48497173
603,0.5330271
621,0.2982194
622,0.48518646
665,0.44022697
666,0.51365757
386,0.23400591
671,0.43806797
527,0.31241232
531,0.42756733
539,0.4931002
675,0.2799772
543,0.38330585
679,0.53789306
545,0.2907897
269,0.42735785
552,0.47325575
559,0.4273848
570,0.50919735
576,0.5011001
594,0.5901672
606,0.4221779
680,0.4267427
612,0.42746055
684,0.4804479
615,0.40222508
689,0.51301074
625,0.7025906
691,0.2626826
627,0.2464937
703,0.4273543
631,0.23343399
721,0.4094707
639,0.37806755
722,0.42764926
643,0.5075542
765,0.4281028
645,0.5617337
766,0.46953994
652,0.28152913
771,0.5243331
659,0.2590369
775,0.42733535
670,0.35313886
779,0.5149236
676,0.38720083
694,0.5159099
451,0.54227453
706,0.5526993
780,0.4172105
712,0.50787896
784,0.3795684
715,0.5464716
789,0.28952175
791,0.42383614
725,0.36955726
727,0.3989595
803,0.42362887
731,0.46830475
821,0.3357435
822,0.51577014
739,0.49846494
865,0.3989595
743,0.34951088
745,0.5441622
866,0.4514572
752,0.2964371
871,0.28806898
875,0.47821897
759,0.3989595
879,0.2892764
770,0.42739388
776,0.29737082
794,0.46824312
806,0.4418875
880,0.28324917
812,0.37808377
884,0.59110236
815,0.3659076
889,0.47081107
825,0.4273369
891,0.26445886
827,0.4220271
903,0.37748873
831,0.46821666
921,0.37968364
839,0.41132692
922,0.42793384
843,0.3989595
965,0.34125888
845,0.4739774
966,0.43703705
852,0.4275669
971,0.29639778
859,0.2187056
975,0.28959912
870,0.3989595
876,0.39447305
979,0.2588869
557,0.42734653
285,0.50162184
597,0.2853941
894,0.54469854
906,0.4236645
912,0.34500906
915,0.48676562
925,0.2867922
927,0.4271897
931,0.3989595
939,0.28957254
943,0.43464828
945,0.21428607
952,0.46063763
609,0.2793158
618,0.5575794
308,0.3989595
454,0.49626654
959,0.2822271
648,0.29248905
637,0.2707738
468,0.32703903
970,0.2734842
641,0.48045498
672,0.3267291
976,0.42737982
647,0.2681479
683,0.4273256
994,0.539912
688,0.4687423
1006,0.6180304
697,0.4061606
1012,0.5006546
709,0.3989595
1015,0.25525215
748,0.40681958
1025,0.448353
772,0.42748547
1027,0.37529776
783,0.42541456
1031,0.2954582
788,0.51020896
1039,0.2792413
797,0.3812046
1043,0.5358113
809,0.47550315
1045,0.47216818
1052,0.36770454
1059,0.37451628
1070,0.20880884
1076,0.3660512
848,0.48062235
1094,0.34803146
1106,0.59282064
320,0.3005168
1112,0.44890898
872,0.37373373
326,0.30024284
1115,0.28996634
330,0.44734043
1125,0.42742637
332,0.4674111
1127,0.374881
361,0.47790205
364,0.4763784
1131,0.22665578
1139,0.2866585
369,0.48389757
1143,0.46156144
385,0.27562833
1145,0.42749894
408,0.26910606
420,0.5527811
1152,0.3989595
1159,0.29737148
426,0.41516787
1170,0.4757042
430,0.42804557
432,0.2534598
1176,0.35069424
461,0.51577765
1194,0.41044343
464,0.42755422
1206,0.38594675
469,0.5340702
1212,0.4276955
485,0.22967625
1215,0.42250913
508,0.2469884
1225,0.381623
520,0.29813564
1227,0.40108603
526,0.5066449
1231,0.50277936
530,0.300048
1239,0.22045508
532,0.33707607
1243,0.33106616
561,0.3802785
1245,0.47196972
564,0.44722003
1252,0.2841023
569,0.22776127
883,0.5226816
1259,0.4272932
585,0.44048792
1270,0.29654968
608,0.42737773
1276,0.29106107
620,0.23405206
1294,0.30041742
1306,0.52297807
1312,0.3195919
1315,0.28554082
1325,0.5879897
1327,0.5403101
1331,0.29272324
655,0.3986905
1339,0.47351164
1343,0.28705347
1345,0.42892414
1352,0.42777014
1359,0.5041629
1370,0.259216
1376,0.41868767
1394,0.36805594
1406,0.25377172
1412,0.2189824
1415,0.5914121
1425,0.27120343
1427,0.24074836
1431,0.47545654
1439,0.4274185
1443,0.5368594
1445,0.33122352
1452,0.51529837
1459,0.4676078
1470,0.42702833
1476,0.41901517
1494,0.51297635
888,0.28717232
1506,0.4283957
1512,0.5699282
1515,0.42836404
626,0.4281648
1525,0.5638624
1527,0.49522555
1531,0.43538544
1539,0.292201
1543,0.33058107
1545,0.43854383
657,0.3391802
1552,0.24606021
1559,0.4558562
1570,0.3985025
1576,0.42772162
1594,0.4275392
1606,0.37913764
1612,0.5837031
1615,0.29514518
1625,0.4274717
1627,0.4635681
1631,0.54379725
1639,0.34283566
1643,0.2366285
1645,0.2970329
1652,0.27786642
1659,0.28237945
1670,0.29709792
1676,0.39330474
1694,0.32324418
1706,0.4002627
1712,0.42742816
1715,0.31877998
1725,0.4275852
897,0.3989595
1727,0.29523
1731,0.42791313
1739,0.27071458
630,0.5081997
1743,0.35519108
1745,0.25870875
1752,0.26862502
1759,0.47430637
1770,0.4710303
1776,0.42737398
1794,0.28063658
718,0.49298447
1806,0.6541947
1812,0.5630667
1815,0.39359492
1825,0.36161587
1827,0.36341125
1831,0.42754716
1839,0.19343668
1843,0.45516938
1845,0.34762686
1852,0.56513596
1859,0.43167782
1870,0.36923525
1876,0.42601508
1894,0.39178097
1906,0.55996174
1912,0.3883063
1915,0.27974933
1925,0.5189753
909,0.3542031
1927,0.28660607
1931,0.52403736
1939,0.3989595
632,0.25474533
1943,0.31539658
1945,0.56620896
1952,0.27594683
1959,0.34329408
1970,0.52943856
1976,0.3686616
737,0.43152264
948,0.42745635
1994,0.4272364
661,0.2879028
741,0.32072255
2006,0.3005104
664,0.5016054
972,0.43430036
747,0.40376434
2012,0.5022885
669,0.34440842
983,0.4277846
2015,0.42735797
755,0.42780083
685,0.463159
757,0.46348196
2025,0.6084925
988,0.5011859
818,0.3226937
2027,0.46051282
708,0.28952497
837,0.4785024
997,0.29207873
2031,0.341162
841,0.44091505
2039,0.5574841
720,0.5539473
847,0.5270209
2043,0.27611986
1009,0.42868692
855,0.4975564
2045,0.4943895
726,0.31824833
1048,0.42758203
857,0.35556352
2052,0.28422973
918,0.27636275
2059,0.4283896
730,0.50425804
937,0.48637497
1072,0.43129802
2070,0.36297575
941,0.2891346
732,0.5467845
2076,0.47360274
1083,0.19241789
947,0.42661572
2094,0.5373272
761,0.24008854
2106,0.28194058
2112,0.3060654
2115,0.49295908
1088,0.48670918
955,0.3327878
764,0.42746052
2125,0.46039957
2127,0.44284308
1097,0.2735193
957,0.4501236
769,0.33972317
2131,0.5293394
2139,0.5211074
2143,0.25302044
2145,0.43007863
1109,0.5145036
1018,0.2949383
2152,0.29958847
2159,0.42764777
2170,0.42784548
2176,0.52647984
785,0.38993225
2194,0.4434759
1148,0.43230116
2206,0.226134
2212,0.2464682
1037,0.34621078
2215,0.42385054
808,0.26912543
2225,0.4274232
2227,0.61523676
1041,0.29500574
1172,0.4917441
2231,0.42736924
820,0.452918
2239,0.42732498
1183,0.38366526
2243,0.22940263
1047,0.47298542
826,0.279519
1188,0.46803293
2245,0.22367892
1055,0.29362258
1197,0.26780197
2252,0.2593133
830,0.23583932
1209,0.25875637
2259,0.23446605
1248,0.52000153
2270,0.42743272
1057,0.29377657
832,0.39854467
1272,0.32364264
2276,0.57427275
1283,0.33630285
2294,0.4112929
1288,0.46530208
2306,0.4840272
1118,0.49460208
1297,0.42139536
861,0.3434223
2312,0.41940802
1309,0.43486226
2315,0.41869476
1137,0.4273724
864,0.3989595
1348,0.36877126
2325,0.25759384
1141,0.28360572
1372,0.4070519
869,0.3989595
2327,0.24257798
1383,0.33383644
2331,0.32223216
1388,0.2790332
1147,0.41907394
885,0.3465681
2339,0.13621111
1397,0.23311046
2343,0.3989595
1409,0.4319538
1155,0.49024534
908,0.5439923
2345,0.35697132
920,0.3386772
1157,0.18372437
2352,0.2890529
1448,0.57400477
2359,0.39692974
926,0.47545117
1472,0.27632377
1218,0.4272948
2370,0.48094812
1483,0.3989595
930,0.3879034
1237,0.42854857
2376,0.42832705
1488,0.34679222
932,0.53102016
2394,0.37302023
1497,0.40089953
1241,0.43806756
961,0.53217065
2406,0.36196667
1509,0.328522
964,0.45669484
1247,0.39348552
1548,0.42748886
2412,0.5479936
969,0.5647578
2415,0.29766265
1255,0.29455388
1572,0.42717534
985,0.3989595
2425,0.45458245
1583,0.44550377
1257,0.42757565
1008,0.4275812
2427,0.5224874
1588,0.31196937
1020,0.48316258
1318,0.3399404
1597,0.29162183
2431,0.36805832
1026,0.23310095
1609,0.33584464
1337,0.508
2439,0.2940002
1030,0.5986693
1648,0.58972687
2443,0.29864737
1341,0.6384388
1032,0.5553707
1672,0.6035086
2445,0.43488702
1061,0.42803407
1347,0.4274847
1683,0.42742643
1064,0.27197993
2452,0.5187386
1355,0.25518516
1688,0.52004945
1069,0.41583103
2459,0.53576887
1357,0.40496588
1697,0.44680268
1085,0.42767972
2470,0.37047058
1709,0.3211303
1418,0.53209054
2476,0.3989595
1108,0.3468617
1748,0.3267056
1437,0.4273685
1120,0.42748028
2494,0.42734796
1772,0.42979366
1441,0.43886137
1126,0.4260056
1783,0.42729563
2506,0.41657704
1447,0.6373875
1130,0.41983008
1788,0.23757648
1132,0.33359903
1455,0.36952022
2512,0.34912947
1797,0.45273006
2515,0.38555086
1161,0.2898861
1457,0.3164861
1809,0.5160146
2525,0.25289673
1164,0.46400487
1848,0.3783831
1518,0.4975372
1169,0.3989595
2527,0.3413583
1537,0.21650533
1872,0.42767718
1185,0.48776528
1883,0.5171238
1541,0.34198207
2531,0.44035923
1208,0.51257247
2539,0.26214367
1888,0.4897278
1547,0.51701605
1220,0.53773975
2543,0.42757314
1897,0.21748063
1555,0.38050297
1226,0.23995803
2545,0.57307136
1909,0.4226268
1557,0.29264724
1230,0.39640674
2552,0.27438223
1948,0.54656893
1232,0.61862993
1618,0.26796758
2559,0.4278289
1972,0.37249947
1637,0.28287095
1261,0.29529524
2570,0.27984172
1983,0.42763266
1264,0.55879205
1641,0.35386917
1988,0.47488576
2576,0.65571034
1269,0.35605806
1647,0.34106064
1997,0.427728
2594,0.2884963
1285,0.37997413
1655,0.5051693
2009,0.4405499
1308,0.28820848
2606,0.4494784
1657,0.5079915
2048,0.36681867
1320,0.42840275
2612,0.4686303
1718,0.24902634
2072,0.5794709
1326,0.42039987
1737,0.3165509
2615,0.49533078
2083,0.24942164
1330,0.57536256
2625,0.18790595
1741,0.394205
1332,0.2880922
2088,0.28778562
2627,0.47797346
1747,0.4897849
1361,0.5134314
2097,0.5025186
2631,0.50343436
2109,0.484572
1755,0.4275042
1364,0.49167764
2639,0.3500748
2148,0.30386567
1757,0.31812644
1369,0.5177326
2643,0.5048335
2172,0.29466793
1818,0.4273129
1385,0.44938517
2645,0.28957585
1408,0.36727628
1837,0.4266211
2183,0.50183755
2652,0.23690903
1420,0.32533365
1841,0.45582262
2188,0.3989595
1426,0.63513196
1847,0.42738727
2659,0.46527144
2197,0.16686732
1430,0.42735583
1855,0.39205927
2670,0.6378349
2209,0.4389525
1432,0.2964721
1857,0.4275171
2248,0.61050355
2676,0.39358613
1461,0.42684466
1918,0.6076062
2272,0.30947408
2694,0.51711345
1464,0.3989595
1937,0.47725525
2283,0.2829218
2706,0.3741501
1941,0.6579017
1469,0.45522106
2288,0.2964029
1947,0.29083547
2712,0.42739654
1485,0.5162084
2297,0.4719786
1955,0.45720178
1508,0.30550376
2715,0.42744374
2309,0.39427575
1957,0.2943836
1520,0.32239848
2725,0.23509291
2348,0.22618537
2018,0.4282956
1526,0.51802576
2372,0.3200884
2727,0.2761855
2037,0.26672345
1530,0.4274062
2383,0.44910222
2731,0.27937144
2041,0.28247055
1532,0.39197066
2388,0.42772216
2739,0.27694133
2047,0.3068055
1561,0.5731432
2397,0.5249356
2055,0.28865755
2743,0.5124226
1564,0.42732134
2409,0.27885455
2057,0.5347323
2745,0.4273361
2448,0.3299016
2118,0.2583893
2752,0.29892212
2472,0.3697831
2137,0.23703936
2759,0.47374088
2483,0.5388235
2770,0.4759109
2141,0.32479444
2488,0.289713
2776,0.42781606
2147,0.57178247
2497,0.26603547
2794,0.37572956
2155,0.3989595
2509,0.26002735
2806,0.44702652
2157,0.27654383
2812,0.19474791
2218,0.41323793
2815,0.42757982
2237,0.56159014
2825,0.29930425
2241,0.28597885
2827,0.3503111
2247,0.3989595
2831,0.33356076
2255,0.42738512
2839,0.61484814
2257,0.42778665
2843,0.29250002
2318,0.42711496
2845,0.2969664
2337,0.35349053
2852,0.3410582
2341,0.51398164
2859,0.42103738
2347,0.4275548
2870,0.29499072
2355,0.57466334
2876,0.42747858
2357,0.29359233
2894,0.3512287
2418,0.43942842
1569,0.22113198
2906,0.39578995
2437,0.42733473
1585,0.27208176
2912,0.48076892
2441,0.4500171
1608,0.4274984
2915,0.5152745
2447,0.26806635
1620,0.23717064
2925,0.32491252
2455,0.49082103
1626,0.33372408
2927,0.33483377
2457,0.4273265
1630,0.4691617
2931,0.37086558
2518,0.47877648
1632,0.29262492
2939,0.4539107
2537,0.5119205
1661,0.29132298
2943,0.2221413
2541,0.3729003
1664,0.56288964
2945,0.4913437
1669,0.26748332
2547,0.48751307
2952,0.36962858
1685,0.35107827
2555,0.2934637
2959,0.39266324
2557,0.331799
1708,0.42794806
2970,0.43563282
1720,0.4426133
2618,0.45234165
2976,0.62611127
2637,0.28494942
1726,0.2760455
2994,0.42881584
2641,0.47728547
1730,0.4847899
3006,0.39738443
2647,0.4282413
1732,0.5854825
3012,0.2885518
2655,0.42777133
1761,0.49903834
3015,0.5987784
2657,0.4275151
1764,0.4369677
3025,0.4796286
2718,0.48010278
1769,0.25641945
3027,0.53167766
2737,0.28112942
1785,0.5643474
3031,0.5170853
2741,0.42745584
1808,0.4280165
3039,0.42750096
2747,0.3989595
1820,0.3989595
3043,0.60407877
2755,0.52230495
1826,0.434571
2757,0.2303386
3045,0.3989595
1830,0.63409245
3052,0.42725787
1832,0.3989595
3059,0.3989595
1861,0.5657484
3070,0.42841944
1864,0.5802309
3076,0.54520565
1869,0.36815983
3094,0.28195742
1885,0.47076046
3106,0.3730076
1908,0.43065572
3112,0.27871963
1920,0.26188233
3115,0.29521787
1926,0.27710724
3125,0.26495665
1930,0.2671216
3127,0.5269814
1932,0.47824132
3131,0.3952964
1961,0.24068862
3139,0.4273594
1964,0.44844258
3143,0.26771376
1969,0.2932701
3145,0.2819832
1985,0.23125911
3152,0.27580377
2008,0.4777644
3159,0.48023123
2020,0.42746714
3170,0.30045462
2026,0.34845674
2030,0.4805236
3176,0.38331187
3194,0.5393996
2032,0.46748108
2061,0.27799243
3206,0.30973682
2064,0.35030916
3212,0.46634954
2069,0.41435164
3215,0.4550863
2085,0.24158551
3225,0.316983
2108,0.25705242
3227,0.28610808
2120,0.547104
3231,0.39769655
2126,0.43409878
3239,0.2974211
2130,0.2282415
3243,0.49044734
2132,0.34350112
3245,0.28938082
2161,0.5378914
3252,0.29981053
2164,0.42732853
3259,0.29656807
2169,0.5770829
3270,0.2860619
2185,0.22515677
3276,0.30809718
2208,0.50816697
3294,0.5026766
2220,0.6191288
3306,0.3637315
2226,0.23264995
3312,0.47359133
2230,0.28747103
3315,0.4411045
2232,0.4056143
3325,0.50426644
2261,0.55047596
3327,0.27094653
2264,0.5000969
3331,0.3989595
2269,0.4502846
3339,0.5861908
2285,0.41989422
3343,0.3710453
2308,0.427558
3345,0.5061506
2320,0.36142817
3352,0.46967506
2326,0.43360505
3359,0.36390567
2330,0.48888803
3370,0.5900967
2332,0.34166184
3376,0.42813596
2361,0.5502234
3394,0.27536774
2364,0.3989595
3406,0.42764848
2369,0.3420233
3412,0.327917
2385,0.44740537
3415,0.45246965
2408,0.2909633
3425,0.4273977
2420,0.25761086
3427,0.3989595
2426,0.3851921
3431,0.42813042
2430,0.25811997
3439,0.3627451
2432,0.4051527
3443,0.4753328
2461,0.37323636
3445,0.42741635
2464,0.5021234
3452,0.34426337
2469,0.5562947
3459,0.34199685
2485,0.4803074
3470,0.3726432
2508,0.3686639
3476,0.3373184
2520,0.548405
3494,0.44278485
2526,0.2810586
3506,0.52161634
2530,0.40906417
3512,0.33599094
2532,0.4132257
3515,0.3011518
2561,0.58324546
3525,0.29466006
2564,0.33183396
3527,0.27010342
2569,0.26136035
3531,0.3589963
2585,0.4180255
3539,0.52138156
2608,0.3989595
3543,0.56328726
2620,0.54413867
3545,0.37288532
2626,0.26984417
3552,0.37123716
2630,0.51779914
3559,0.50195754
2632,0.3989595
3570,0.5687927
2661,0.3989595
3576,0.43559194
2664,0.32073307
3594,0.5841197
2669,0.2536472
3606,0.37423724
2685,0.34752697
3612,0.4355509
2708,0.4266944
3615,0.43160892
2720,0.42740586
3625,0.43422085
2726,0.5382171
3627,0.36011797
2730,0.42752033
3631,0.529487
2732,0.47859842
3639,0.42741323
2761,0.31434157
3643,0.43920854
2764,0.4276213
3645,0.39938357
2769,0.30241048
3652,0.50217956
2785,0.3989595
3659,0.4273684
2808,0.4764652
3670,0.4310174
2820,0.3360521
3676,0.49899796
2826,0.259924
3694,0.2980707
2830,0.27639782
3706,0.46269435
2832,0.35641268
3712,0.41291133
2861,0.30004746
3715,0.3513013
2864,0.2992504
3725,0.39159963
2869,0.46909016
3727,0.49302545
2885,0.39946032
3731,0.6012915
2908,0.4276569
3739,0.5653527
2920,0.5659963
3743,0.3989595
2926,0.42734033
3745,0.5399713
2930,0.39665177
3752,0.35665205
2932,0.32821292
3759,0.29654256
2961,0.48457798
3770,0.4284126
2964,0.43114853
3776,0.26220214
2969,0.3608606
3794,0.49523586
2985,0.7041731
3806,0.27204132
3008,0.2696109
3812,0.50703025
3020,0.24778274
3815,0.21567947
3026,0.37141457
3825,0.38037825
3030,0.4279168
3827,0.28717065
3032,0.42725098
3831,0.4272804
3061,0.42756596
3839,0.35986453
3064,0.40765214
3843,0.5095677
3069,0.27083027
3845,0.4812137
3085,0.42760798
3852,0.5131825
3108,0.59940624
3859,0.40774918
3120,0.45227295
3870,0.43777376
3126,0.51525694
3876,0.33184773
3130,0.38394248
3894,0.4416384
3132,0.27440807
3906,0.48506546
3161,0.42723858
3912,0.5236358
3164,0.30443195
3915,0.41181546
3169,0.39658892
3925,0.43779796
3185,0.42753795
3927,0.30165088
3208,0.2992641
3931,0.6673432
3220,0.42738426
3939,0.5343131
3226,0.22257131
3943,0.37673253
3230,0.30720836
3945,0.3011716
3232,0.25661737
3952,0.29986203
3261,0.46207237
3959,0.42741105
3264,0.29481748
3970,0.35636175
3269,0.52392983
3976,0.4489922
3285,0.43278182
3994,0.33714518
3308,0.42748117
4006,0.33582208
3320,0.3703322
4012,0.29982546
3326,0.42764693
4015,0.30005524
3330,0.42035663
4025,0.37685475
3332,0.45122954
4027,0.47214168
3361,0.31970638
4031,0.2609648
3364,0.42088553
4039,0.4861812
3369,0.49735668
4043,0.3989595
3385,0.38461795
4045,0.53968805
3408,0.33052912
4052,0.37328815
3420,0.4278804
4059,0.4295846
3426,0.32865036
4070,0.28304973
3430,0.42220235
4076,0.24946134
3432,0.47254965
4094,0.45054853
3461,0.25669408
4106,0.5147395
3464,0.4272591
4112,0.42729625
3469,0.6633127
4115,0.35859907
3485,0.27264193
4125,0.37332255
3508,0.33046475
4127,0.4257452
3520,0.48706326
4131,0.3103682
3526,0.5520426
4139,0.6170428
3530,0.50245786
4143,0.2107147
3532,0.42673275
3561,0.31382146
4145,0.3129768
3564,0.42750087
4152,0.23532784
3569,0.50001717
4159,0.4669195
3585,0.18896487
4170,0.42751876
3608,0.55710566
4176,0.47896308
4194,0.5087769
3620,0.4642865
4206,0.29569146
3626,0.37281045
4212,0.27735937
3630,0.41246185
4215,0.5001678
3632,0.42825747
4225,0.29043233
3661,0.4891261
4227,0.48489884
3664,0.4535876
4231,0.42733714
3669,0.47943074
4239,0.3609062
3685,0.34790125
3708,0.46933234
4243,0.3386131
3720,0.35468143
4245,0.39399922
3726,0.4132401
4252,0.47476012
3730,0.29659504
4259,0.54988796
3732,0.3941293
4270,0.38866165
3761,0.27078256
4276,0.42734855
3764,0.45477766
4294,0.39586008
3769,0.21013315
4306,0.31419286
3785,0.42876926
4312,0.42738676
3808,0.502891
4315,0.47501153
3820,0.29013675
4325,0.24738403
3826,0.31078902
4327,0.23681405
3830,0.51594526
4331,0.2557039
3832,0.42422158
4339,0.4150651
3861,0.52202296
4343,0.39131093
3864,0.29252815
4345,0.31559253
3869,0.5398529
4352,0.4274503
3885,0.38346592
4359,0.4254457
3908,0.3523872
4370,0.36433917
3920,0.25354528
4376,0.42860118
3926,0.5142481
4394,0.3039625
3930,0.53289527
4406,0.33238423
3932,0.42826936
4412,0.49158242
3961,0.3407858
4415,0.46467042
3964,0.6283539
4425,0.5416043
3969,0.42737207
4427,0.43076393
3985,0.24330992
4431,0.42738262
4008,0.47237954
4439,0.31710672
4020,0.4860593
4443,0.44898638
4026,0.43995798
4445,0.28542027
4030,0.23225382
4452,0.39635587
4032,0.2321715
4459,0.42793253
4061,0.33836636
4470,0.45724088
4064,0.42618096
4476,0.487771
4069,0.37356016
4494,0.30109152
4085,0.568957
4506,0.2392532
4108,0.4623142
4512,0.3841482
4120,0.29345313
4515,0.6034068
4126,0.4704485
4525,0.42731965
4130,0.2568051
4527,0.4274256
4132,0.29398108
4531,0.42766607
4161,0.33428583
4539,0.41845614
4164,0.42862028
4543,0.5058464
4169,0.4144966
4545,0.4341448
4185,0.5270636
4552,0.27980965
4208,0.49853373
4559,0.50799483
4220,0.42771214
4570,0.5736658
4226,0.2852688
4576,0.48737806
4230,0.34448963
4594,0.29061854
4232,0.4276464
4606,0.53644204
4261,0.67168486
4612,0.5887904
4264,0.29024252
4615,0.2870515
4269,0.2918868
4625,0.39863002
4627,0.26047146
4285,0.48879153
4631,0.42736182
4308,0.4961475
4320,0.29869202
4639,0.37601393
4326,0.5177035
4643,0.4274371
4330,0.25482765
4645,0.2861463
4332,0.42757833
4652,0.55474263
4361,0.34982318
4659,0.4500079
4364,0.50837266
4670,0.42755094
4369,0.42774826
4676,0.29990828
4385,0.42748877
4694,0.5500909
4408,0.36368948
4706,0.41717383
4420,0.28614193
4712,0.28771716
4426,0.5431889
4715,0.3989595
4430,0.5923736
4725,0.50041485
4432,0.49656054
4727,0.35927612
4461,0.44124693
4731,0.38329315
4464,0.42797866
4739,0.27045938
4469,0.26596043
4743,0.2672135
4485,0.4275746
4745,0.47003955
4508,0.3590744
4752,0.6292753
4520,0.47043312
4759,0.27031246
4526,0.42185926
4770,0.34152228
4530,0.3255814
4776,0.4269942
4532,0.2940286
4794,0.2862318
4561,0.2393136
4806,0.48759562
4564,0.3141655
4812,0.28670228
4569,0.4274689
4815,0.30019742
4585,0.54023385
4825,0.49271414
4608,0.29379398
4827,0.23121476
4620,0.34148458
4831,0.51367044
4626,0.47086674
4839,0.3432092
4630,0.7163272
4843,0.3512736
4632,0.28628108
4845,0.23760727
4661,0.2604136
4852,0.30040768
4664,0.47451264
4859,0.3473957
4669,0.28344905
4870,0.20308411
4685,0.5472672
4876,0.45239356
4708,0.5486858
4894,0.47960153
4720,0.46890366
4906,0.39907014
4726,0.42765534
4912,0.3569309
4730,0.4276402
4915,0.63767624
4732,0.31836855
4925,0.45123923
4761,0.36521813
4927,0.2904374
4764,0.42928404
4931,0.37477082
4769,0.35368848
4939,0.36958158
4785,0.42848378
4808,0.42253113
4820,0.29484847
4826,0.56939846
4830,0.42464548
4832,0.25647998
4861,0.37522152
4864,0.4545982
4869,0.5269694
4885,0.271252
4908,0.43825877
4920,0.46936476
